Title,Forename,Surname,Address 1,Address 2,Address 3,Address 4,Zip code
Mrs,Julie,Andrews,16 School Lane,Beachside Boulevard,Tawara,,4309
Mrs,Annie,Rennie,1723 East Street,Dockside,Port Peppard,Tawara,4309
Mrs,Tracy,Royle,1 Moon Close,Cross Keys,Tawara,,4309
Mrs,Summer,Kacaratchi,841 East Street,Dockside,Port Peppard,Tawara,4309
Mrs,Karoline,Strauss,12 Ryeland Street,Tanley,Tawara,,4309
Mrs,Sandra,Cooper,24 Sea View Terrace,Beachside Close,Appleton,Tawara,4308
Mr,Stuart,Davies,Malt Cottage,Maltings Lane,Eccleshill,Tawara,4309
Mrs,Jens,Maloi,Barley Mow,Distillery Lane,Dunescroft,Tawara,4309
Mrs,Claire,Turner,Cloverleaf,East View,Stannerley,Tawara,4306
Mrs,Karla,Maier,Flat 16 The Grove,East Hill,Dunescroft,Tawara,4306
Mrs,Amy,Nichols,Clifftops,Beachside Boulevard,Tawara,,4309
Mrs,Antonio,Rangel,16 The Close,Twin Track Lane,Port Peppard,Tawara,4309
Mr,Dietmar,Strauss,Flat 4,Mill Lane,Tawara,,4309
Mr,Graham,White,23 Westside,Dockside,Port Peppard,Tawara,4309
Mrs,Kratika,Gupta,Marquis Mansion,Dudley,Tawara,,4309
Mr,Didier,Watson,22 Sea View Terrace,Beachside Close,Appleton,Tawara,4308
Mrs,Olga,Schneider,631 Beach Front,Beachside Boulevard,Tawara,,4309
Mr,Peter,Perfection,15 East Street,Dockside,Port Peppard,Tawara,4309
Mr,Tomas,Jacobs,Yazmin House,Brookside,Tawara,,4309
Mr,Elliot,Cotterill,3 High Street,Dockside,Port Peppard,Tawara,4309
Mr,Siddharth,Gad,21 High Street,Tanley,Tawara,,4309
Mrs,Holly,Chase,42 Acacia Avenue,White City,Appleton,Tawara,4309
Mr,Peter,Kelly,Old brewery,Head Street,Eccleshill,Tawara,4309
Mrs,Pat,Pushing,16 Goat Hill,Stanway,Dunescroft,Tawara,4306
Mr,Louis,Claes,Elm Tree Cottage,Eight Ash Green,Stannerley,Tawara,4306
